,mean_fit_time,std_fit_time,mean_score_time,std_score_time,param_C,param_data_index,param_kernel_name,param_lambda_ss,param_mismatch_nb,param_seq_length_mm,param_seq_length_sp,param_seq_length_ss,params,split0_test_score,split1_test_score,split2_test_score,split3_test_score,split4_test_score,mean_test_score,std_test_score,rank_test_score
0,3.439864683151245,0.32333935584317325,0.5179708957672119,0.0691276514289873,0.01,0,sum,0.5,"[1, 2]","[13, 12, 11, 10, 9, 8, 7]",3,"[11, 10, 9, 8, 7, 6]","{'C': 0.01, 'data_index': 0, 'kernel_name': 'sum', 'lambda_ss': 0.5, 'mismatch_nb': [1, 2], 'seq_length_mm': [13, 12, 11, 10, 9, 8, 7], 'seq_length_sp': 3, 'seq_length_ss': [11, 10, 9, 8, 7, 6]}",0.6325,0.665,0.5825,0.61,0.615,0.6209999999999999,0.027230497608380207,149
1,3.385284900665283,0.1443548601538525,0.5528030395507812,0.0687017218319513,0.02,0,sum,0.5,"[1, 2]","[13, 12, 11, 10, 9, 8, 7]",3,"[11, 10, 9, 8, 7, 6]","{'C': 0.02, 'data_index': 0, 'kernel_name': 'sum', 'lambda_ss': 0.5, 'mismatch_nb': [1, 2], 'seq_length_mm': [13, 12, 11, 10, 9, 8, 7], 'seq_length_sp': 3, 'seq_length_ss': [11, 10, 9, 8, 7, 6]}",0.645,0.66,0.5925,0.6325,0.62,0.6300000000000001,0.022967368155711706,148
2,3.268441152572632,0.2719838337765264,0.5049768447875976,0.036370607103420875,0.03,0,sum,0.5,"[1, 2]","[13, 12, 11, 10, 9, 8, 7]",3,"[11, 10, 9, 8, 7, 6]","{'C': 0.03, 'data_index': 0, 'kernel_name': 'sum', 'lambda_ss': 0.5, 'mismatch_nb': [1, 2], 'seq_length_mm': [13, 12, 11, 10, 9, 8, 7], 'seq_length_sp': 3, 'seq_length_ss': [11, 10, 9, 8, 7, 6]}",0.655,0.675,0.6275,0.6375,0.6075,0.6405,0.023097618924902207,147
3,2.9768900871276855,0.13637254768429266,0.4854621410369873,0.05184494096571336,0.04,0,sum,0.5,"[1, 2]","[13, 12, 11, 10, 9, 8, 7]",3,"[11, 10, 9, 8, 7, 6]","{'C': 0.04, 'data_index': 0, 'kernel_name': 'sum', 'lambda_ss': 0.5, 'mismatch_nb': [1, 2], 'seq_length_mm': [13, 12, 11, 10, 9, 8, 7], 'seq_length_sp': 3, 'seq_length_ss': [11, 10, 9, 8, 7, 6]}",0.6825,0.6725,0.6375,0.6325,0.61,0.647,0.026758176320519314,5
4,2.988800573348999,0.19790136208943274,0.547245979309082,0.06881516084222941,0.05,0,sum,0.5,"[1, 2]","[13, 12, 11, 10, 9, 8, 7]",3,"[11, 10, 9, 8, 7, 6]","{'C': 0.05, 'data_index': 0, 'kernel_name': 'sum', 'lambda_ss': 0.5, 'mismatch_nb': [1, 2], 'seq_length_mm': [13, 12, 11, 10, 9, 8, 7], 'seq_length_sp': 3, 'seq_length_ss': [11, 10, 9, 8, 7, 6]}",0.67,0.68,0.6225,0.6375,0.5975,0.6415000000000001,0.030356218473321085,146
5,3.0130738258361816,0.24526913170154657,0.5135573387145996,0.14100490071485997,0.060000000000000005,0,sum,0.5,"[1, 2]","[13, 12, 11, 10, 9, 8, 7]",3,"[11, 10, 9, 8, 7, 6]","{'C': 0.060000000000000005, 'data_index': 0, 'kernel_name': 'sum', 'lambda_ss': 0.5, 'mismatch_nb': [1, 2], 'seq_length_mm': [13, 12, 11, 10, 9, 8, 7], 'seq_length_sp': 3, 'seq_length_ss': [11, 10, 9, 8, 7, 6]}",0.665,0.68,0.62,0.64,0.6125,0.6435000000000001,0.02576819745345026,136
6,3.158007192611694,0.3386365673491552,0.48466944694519043,0.05671740471848133,0.06999999999999999,0,sum,0.5,"[1, 2]","[13, 12, 11, 10, 9, 8, 7]",3,"[11, 10, 9, 8, 7, 6]","{'C': 0.06999999999999999, 'data_index': 0, 'kernel_name': 'sum', 'lambda_ss': 0.5, 'mismatch_nb': [1, 2], 'seq_length_mm': [13, 12, 11, 10, 9, 8, 7], 'seq_length_sp': 3, 'seq_length_ss': [11, 10, 9, 8, 7, 6]}",0.6675,0.6825,0.62,0.6375,0.625,0.6465,0.024423349483639625,7
7,3.1615055561065675,0.1667391696528067,0.5610579490661621,0.053553120291793585,0.08,0,sum,0.5,"[1, 2]","[13, 12, 11, 10, 9, 8, 7]",3,"[11, 10, 9, 8, 7, 6]","{'C': 0.08, 'data_index': 0, 'kernel_name': 'sum', 'lambda_ss': 0.5, 'mismatch_nb': [1, 2], 'seq_length_mm': [13, 12, 11, 10, 9, 8, 7], 'seq_length_sp': 3, 'seq_length_ss': [11, 10, 9, 8, 7, 6]}",0.6725,0.69,0.63,0.6525,0.6225,0.6535,0.02532785028382785,1
8,3.2302685260772703,0.21954147902049498,0.5102239608764648,0.021048568061381157,0.09,0,sum,0.5,"[1, 2]","[13, 12, 11, 10, 9, 8, 7]",3,"[11, 10, 9, 8, 7, 6]","{'C': 0.09, 'data_index': 0, 'kernel_name': 'sum', 'lambda_ss': 0.5, 'mismatch_nb': [1, 2], 'seq_length_mm': [13, 12, 11, 10, 9, 8, 7], 'seq_length_sp': 3, 'seq_length_ss': [11, 10, 9, 8, 7, 6]}",0.6775,0.6825,0.6325,0.6525,0.6175,0.6525,0.025099800796022257,2
9,2.923646926879883,0.12770965890435362,0.49252824783325194,0.022214242368427537,0.09999999999999999,0,sum,0.5,"[1, 2]","[13, 12, 11, 10, 9, 8, 7]",3,"[11, 10, 9, 8, 7, 6]","{'C': 0.09999999999999999, 'data_index': 0, 'kernel_name': 'sum', 'lambda_ss': 0.5, 'mismatch_nb': [1, 2], 'seq_length_mm': [13, 12, 11, 10, 9, 8, 7], 'seq_length_sp': 3, 'seq_length_ss': [11, 10, 9, 8, 7, 6]}",0.675,0.675,0.63,0.65,0.61,0.6479999999999999,0.025416530054277693,3
10,2.930063533782959,0.21724312315614155,0.6167942523956299,0.14647882133311754,0.11,0,sum,0.5,"[1, 2]","[13, 12, 11, 10, 9, 8, 7]",3,"[11, 10, 9, 8, 7, 6]","{'C': 0.11, 'data_index': 0, 'kernel_name': 'sum', 'lambda_ss': 0.5, 'mismatch_nb': [1, 2], 'seq_length_mm': [13, 12, 11, 10, 9, 8, 7], 'seq_length_sp': 3, 'seq_length_ss': [11, 10, 9, 8, 7, 6]}",0.67,0.67,0.625,0.6475,0.605,0.6435,0.025475478405714014,141
11,2.9900044918060305,0.17956395917779727,0.5381976127624511,0.10211824636466116,0.12,0,sum,0.5,"[1, 2]","[13, 12, 11, 10, 9, 8, 7]",3,"[11, 10, 9, 8, 7, 6]","{'C': 0.12, 'data_index': 0, 'kernel_name': 'sum', 'lambda_ss': 0.5, 'mismatch_nb': [1, 2], 'seq_length_mm': [13, 12, 11, 10, 9, 8, 7], 'seq_length_sp': 3, 'seq_length_ss': [11, 10, 9, 8, 7, 6]}",0.68,0.675,0.625,0.645,0.605,0.646,0.028705400188814675,8
12,2.985399580001831,0.2852689917529812,0.5494899272918701,0.06458658939273822,0.13,0,sum,0.5,"[1, 2]","[13, 12, 11, 10, 9, 8, 7]",3,"[11, 10, 9, 8, 7, 6]","{'C': 0.13, 'data_index': 0, 'kernel_name': 'sum', 'lambda_ss': 0.5, 'mismatch_nb': [1, 2], 'seq_length_mm': [13, 12, 11, 10, 9, 8, 7], 'seq_length_sp': 3, 'seq_length_ss': [11, 10, 9, 8, 7, 6]}",0.68,0.6775,0.6225,0.645,0.6025,0.6455,0.030306764921383466,10
13,3.0489500045776365,0.0739930423585112,0.5293680667877197,0.06110893098444106,0.14,0,sum,0.5,"[1, 2]","[13, 12, 11, 10, 9, 8, 7]",3,"[11, 10, 9, 8, 7, 6]","{'C': 0.14, 'data_index': 0, 'kernel_name': 'sum', 'lambda_ss': 0.5, 'mismatch_nb': [1, 2], 'seq_length_mm': [13, 12, 11, 10, 9, 8, 7], 'seq_length_sp': 3, 'seq_length_ss': [11, 10, 9, 8, 7, 6]}",0.68,0.6825,0.625,0.6475,0.6025,0.6475,0.031024184114977142,4
14,3.0441991806030275,0.1596791202354229,0.49427013397216796,0.038560292571811726,0.15000000000000002,0,sum,0.5,"[1, 2]","[13, 12, 11, 10, 9, 8, 7]",3,"[11, 10, 9, 8, 7, 6]","{'C': 0.15000000000000002, 'data_index': 0, 'kernel_name': 'sum', 'lambda_ss': 0.5, 'mismatch_nb': [1, 2], 'seq_length_mm': [13, 12, 11, 10, 9, 8, 7], 'seq_length_sp': 3, 'seq_length_ss': [11, 10, 9, 8, 7, 6]}",0.6825,0.68,0.6275,0.645,0.6,0.647,0.031440419844525,5
15,2.9970350742340086,0.21270919875798386,0.4992961406707764,0.021835213811015105,0.16,0,sum,0.5,"[1, 2]","[13, 12, 11, 10, 9, 8, 7]",3,"[11, 10, 9, 8, 7, 6]","{'C': 0.16, 'data_index': 0, 'kernel_name': 'sum', 'lambda_ss': 0.5, 'mismatch_nb': [1, 2], 'seq_length_mm': [13, 12, 11, 10, 9, 8, 7], 'seq_length_sp': 3, 'seq_length_ss': [11, 10, 9, 8, 7, 6]}",0.6825,0.675,0.6275,0.645,0.5975,0.6455,0.031200961523645394,10
16,2.930780601501465,0.06943005498311994,0.48282408714294434,0.09288560121418421,0.17,0,sum,0.5,"[1, 2]","[13, 12, 11, 10, 9, 8, 7]",3,"[11, 10, 9, 8, 7, 6]","{'C': 0.17, 'data_index': 0, 'kernel_name': 'sum', 'lambda_ss': 0.5, 'mismatch_nb': [1, 2], 'seq_length_mm': [13, 12, 11, 10, 9, 8, 7], 'seq_length_sp': 3, 'seq_length_ss': [11, 10, 9, 8, 7, 6]}",0.6825,0.675,0.6275,0.645,0.5975,0.6455,0.031200961523645394,10
17,2.88344349861145,0.19204961236632073,0.4732011318206787,0.03599819674917498,0.18000000000000002,0,sum,0.5,"[1, 2]","[13, 12, 11, 10, 9, 8, 7]",3,"[11, 10, 9, 8, 7, 6]","{'C': 0.18000000000000002, 'data_index': 0, 'kernel_name': 'sum', 'lambda_ss': 0.5, 'mismatch_nb': [1, 2], 'seq_length_mm': [13, 12, 11, 10, 9, 8, 7], 'seq_length_sp': 3, 'seq_length_ss': [11, 10, 9, 8, 7, 6]}",0.685,0.6725,0.625,0.6425,0.6,0.645,0.03094349689353162,13
18,2.746564769744873,0.11902886145233167,0.5276841640472412,0.02579251131952791,0.19,0,sum,0.5,"[1, 2]","[13, 12, 11, 10, 9, 8, 7]",3,"[11, 10, 9, 8, 7, 6]","{'C': 0.19, 'data_index': 0, 'kernel_name': 'sum', 'lambda_ss': 0.5, 'mismatch_nb': [1, 2], 'seq_length_mm': [13, 12, 11, 10, 9, 8, 7], 'seq_length_sp': 3, 'seq_length_ss': [11, 10, 9, 8, 7, 6]}",0.685,0.675,0.6275,0.6425,0.6,0.646,0.031088583113419662,8
19,2.9334572315216065,0.13586050534141492,0.5249171733856202,0.1090854947323724,0.2,0,sum,0.5,"[1, 2]","[13, 12, 11, 10, 9, 8, 7]",3,"[11, 10, 9, 8, 7, 6]","{'C': 0.2, 'data_index': 0, 'kernel_name': 'sum', 'lambda_ss': 0.5, 'mismatch_nb': [1, 2], 'seq_length_mm': [13, 12, 11, 10, 9, 8, 7], 'seq_length_sp': 3, 'seq_length_ss': [11, 10, 9, 8, 7, 6]}",0.685,0.67,0.6275,0.6425,0.5925,0.6435000000000001,0.032503845926290034,136
20,3.0100874423980715,0.17063010038611823,0.543223762512207,0.08501183432390276,0.21000000000000002,0,sum,0.5,"[1, 2]","[13, 12, 11, 10, 9, 8, 7]",3,"[11, 10, 9, 8, 7, 6]","{'C': 0.21000000000000002, 'data_index': 0, 'kernel_name': 'sum', 'lambda_ss': 0.5, 'mismatch_nb': [1, 2], 'seq_length_mm': [13, 12, 11, 10, 9, 8, 7], 'seq_length_sp': 3, 'seq_length_ss': [11, 10, 9, 8, 7, 6]}",0.685,0.67,0.63,0.6425,0.59,0.6435,0.033075670817082486,141
21,3.144836950302124,0.20259304428992017,0.5410802364349365,0.07817291311476099,0.22,0,sum,0.5,"[1, 2]","[13, 12, 11, 10, 9, 8, 7]",3,"[11, 10, 9, 8, 7, 6]","{'C': 0.22, 'data_index': 0, 'kernel_name': 'sum', 'lambda_ss': 0.5, 'mismatch_nb': [1, 2], 'seq_length_mm': [13, 12, 11, 10, 9, 8, 7], 'seq_length_sp': 3, 'seq_length_ss': [11, 10, 9, 8, 7, 6]}",0.685,0.6675,0.6325,0.6425,0.59,0.6435,0.032503845926290034,141
22,2.821951913833618,0.12469408913542726,0.5037446022033691,0.060759554892411215,0.23,0,sum,0.5,"[1, 2]","[13, 12, 11, 10, 9, 8, 7]",3,"[11, 10, 9, 8, 7, 6]","{'C': 0.23, 'data_index': 0, 'kernel_name': 'sum', 'lambda_ss': 0.5, 'mismatch_nb': [1, 2], 'seq_length_mm': [13, 12, 11, 10, 9, 8, 7], 'seq_length_sp': 3, 'seq_length_ss': [11, 10, 9, 8, 7, 6]}",0.6825,0.665,0.63,0.64,0.5925,0.642,0.030878795313289017,144
23,2.9312631130218505,0.1960510593360527,0.4762838363647461,0.030899795627449583,0.24000000000000002,0,sum,0.5,"[1, 2]","[13, 12, 11, 10, 9, 8, 7]",3,"[11, 10, 9, 8, 7, 6]","{'C': 0.24000000000000002, 'data_index': 0, 'kernel_name': 'sum', 'lambda_ss': 0.5, 'mismatch_nb': [1, 2], 'seq_length_mm': [13, 12, 11, 10, 9, 8, 7], 'seq_length_sp': 3, 'seq_length_ss': [11, 10, 9, 8, 7, 6]}",0.6825,0.665,0.63,0.64,0.5925,0.642,0.030878795313289017,144
24,2.8477819919586183,0.21084728607811476,0.5877145767211914,0.15346957066000502,0.25,0,sum,0.5,"[1, 2]","[13, 12, 11, 10, 9, 8, 7]",3,"[11, 10, 9, 8, 7, 6]","{'C': 0.25, 'data_index': 0, 'kernel_name': 'sum', 'lambda_ss': 0.5, 'mismatch_nb': [1, 2], 'seq_length_mm': [13, 12, 11, 10, 9, 8, 7], 'seq_length_sp': 3, 'seq_length_ss': [11, 10, 9, 8, 7, 6]}",0.6825,0.6675,0.635,0.64,0.595,0.6439999999999999,0.0301081384346492,15
25,2.9263890266418455,0.13937884941410275,0.5429960250854492,0.04833130718322037,0.26,0,sum,0.5,"[1, 2]","[13, 12, 11, 10, 9, 8, 7]",3,"[11, 10, 9, 8, 7, 6]","{'C': 0.26, 'data_index': 0, 'kernel_name': 'sum', 'lambda_ss': 0.5, 'mismatch_nb': [1, 2], 'seq_length_mm': [13, 12, 11, 10, 9, 8, 7], 'seq_length_sp': 3, 'seq_length_ss': [11, 10, 9, 8, 7, 6]}",0.6825,0.665,0.635,0.64,0.595,0.6435000000000001,0.029732137494637025,136
26,3.070629930496216,0.0690044744068853,0.5080077171325683,0.02226669008883832,0.27,0,sum,0.5,"[1, 2]","[13, 12, 11, 10, 9, 8, 7]",3,"[11, 10, 9, 8, 7, 6]","{'C': 0.27, 'data_index': 0, 'kernel_name': 'sum', 'lambda_ss': 0.5, 'mismatch_nb': [1, 2], 'seq_length_mm': [13, 12, 11, 10, 9, 8, 7], 'seq_length_sp': 3, 'seq_length_ss': [11, 10, 9, 8, 7, 6]}",0.6825,0.6675,0.635,0.64,0.595,0.6439999999999999,0.0301081384346492,15
27,3.0180665016174317,0.1529706063901037,0.5414948463439941,0.076043095048462,0.28,0,sum,0.5,"[1, 2]","[13, 12, 11, 10, 9, 8, 7]",3,"[11, 10, 9, 8, 7, 6]","{'C': 0.28, 'data_index': 0, 'kernel_name': 'sum', 'lambda_ss': 0.5, 'mismatch_nb': [1, 2], 'seq_length_mm': [13, 12, 11, 10, 9, 8, 7], 'seq_length_sp': 3, 'seq_length_ss': [11, 10, 9, 8, 7, 6]}",0.6825,0.6675,0.6325,0.64,0.595,0.6435000000000001,0.030273751006441217,136
28,2.8736940383911134,0.09881278930257181,0.5373917579650879,0.13543946620555689,0.29000000000000004,0,sum,0.5,"[1, 2]","[13, 12, 11, 10, 9, 8, 7]",3,"[11, 10, 9, 8, 7, 6]","{'C': 0.29000000000000004, 'data_index': 0, 'kernel_name': 'sum', 'lambda_ss': 0.5, 'mismatch_nb': [1, 2], 'seq_length_mm': [13, 12, 11, 10, 9, 8, 7], 'seq_length_sp': 3, 'seq_length_ss': [11, 10, 9, 8, 7, 6]}",0.6825,0.6675,0.6325,0.64,0.595,0.6435000000000001,0.030273751006441217,136
29,2.879351186752319,0.09263290004695644,0.6168363094329834,0.12662780354303096,0.3,0,sum,0.5,"[1, 2]","[13, 12, 11, 10, 9, 8, 7]",3,"[11, 10, 9, 8, 7, 6]","{'C': 0.3, 'data_index': 0, 'kernel_name': 'sum', 'lambda_ss': 0.5, 'mismatch_nb': [1, 2], 'seq_length_mm': [13, 12, 11, 10, 9, 8, 7], 'seq_length_sp': 3, 'seq_length_ss': [11, 10, 9, 8, 7, 6]}",0.685,0.6675,0.6325,0.64,0.595,0.6439999999999999,0.030927334188384253,15
30,2.7189334869384765,0.09936841001336794,0.46979508399963377,0.06915938606687974,0.31,0,sum,0.5,"[1, 2]","[13, 12, 11, 10, 9, 8, 7]",3,"[11, 10, 9, 8, 7, 6]","{'C': 0.31, 'data_index': 0, 'kernel_name': 'sum', 'lambda_ss': 0.5, 'mismatch_nb': [1, 2], 'seq_length_mm': [13, 12, 11, 10, 9, 8, 7], 'seq_length_sp': 3, 'seq_length_ss': [11, 10, 9, 8, 7, 6]}",0.685,0.6675,0.6325,0.64,0.595,0.6439999999999999,0.030927334188384253,15
31,2.926190900802612,0.16356809293462088,0.4927175521850586,0.07082822926050454,0.32,0,sum,0.5,"[1, 2]","[13, 12, 11, 10, 9, 8, 7]",3,"[11, 10, 9, 8, 7, 6]","{'C': 0.32, 'data_index': 0, 'kernel_name': 'sum', 'lambda_ss': 0.5, 'mismatch_nb': [1, 2], 'seq_length_mm': [13, 12, 11, 10, 9, 8, 7], 'seq_length_sp': 3, 'seq_length_ss': [11, 10, 9, 8, 7, 6]}",0.685,0.67,0.6325,0.64,0.595,0.6445000000000001,0.03132091952673168,14
32,2.975304937362671,0.06900239838348973,0.5244379997253418,0.08092244729751523,0.33,0,sum,0.5,"[1, 2]","[13, 12, 11, 10, 9, 8, 7]",3,"[11, 10, 9, 8, 7, 6]","{'C': 0.33, 'data_index': 0, 'kernel_name': 'sum', 'lambda_ss': 0.5, 'mismatch_nb': [1, 2], 'seq_length_mm': [13, 12, 11, 10, 9, 8, 7], 'seq_length_sp': 3, 'seq_length_ss': [11, 10, 9, 8, 7, 6]}",0.685,0.6675,0.6325,0.64,0.595,0.6439999999999999,0.030927334188384253,15
33,2.828914833068848,0.2641774440071095,0.4936704635620117,0.03759933203358754,0.34,0,sum,0.5,"[1, 2]","[13, 12, 11, 10, 9, 8, 7]",3,"[11, 10, 9, 8, 7, 6]","{'C': 0.34, 'data_index': 0, 'kernel_name': 'sum', 'lambda_ss': 0.5, 'mismatch_nb': [1, 2], 'seq_length_mm': [13, 12, 11, 10, 9, 8, 7], 'seq_length_sp': 3, 'seq_length_ss': [11, 10, 9, 8, 7, 6]}",0.685,0.6675,0.6325,0.64,0.595,0.6439999999999999,0.030927334188384253,15
34,2.889067029953003,0.11996970976464841,0.5149356365203858,0.03077717398058397,0.35000000000000003,0,sum,0.5,"[1, 2]","[13, 12, 11, 10, 9, 8, 7]",3,"[11, 10, 9, 8, 7, 6]","{'C': 0.35000000000000003, 'data_index': 0, 'kernel_name': 'sum', 'lambda_ss': 0.5, 'mismatch_nb': [1, 2], 'seq_length_mm': [13, 12, 11, 10, 9, 8, 7], 'seq_length_sp': 3, 'seq_length_ss': [11, 10, 9, 8, 7, 6]}",0.685,0.6675,0.6325,0.64,0.595,0.6439999999999999,0.030927334188384253,15
35,2.7390389919281004,0.12540374901492177,0.48758368492126464,0.020534093315954665,0.36000000000000004,0,sum,0.5,"[1, 2]","[13, 12, 11, 10, 9, 8, 7]",3,"[11, 10, 9, 8, 7, 6]","{'C': 0.36000000000000004, 'data_index': 0, 'kernel_name': 'sum', 'lambda_ss': 0.5, 'mismatch_nb': [1, 2], 'seq_length_mm': [13, 12, 11, 10, 9, 8, 7], 'seq_length_sp': 3, 'seq_length_ss': [11, 10, 9, 8, 7, 6]}",0.685,0.6675,0.6325,0.64,0.595,0.6439999999999999,0.030927334188384253,15
36,2.8575041770935057,0.12681956346512113,0.4957122325897217,0.07432173212958566,0.37,0,sum,0.5,"[1, 2]","[13, 12, 11, 10, 9, 8, 7]",3,"[11, 10, 9, 8, 7, 6]","{'C': 0.37, 'data_index': 0, 'kernel_name': 'sum', 'lambda_ss': 0.5, 'mismatch_nb': [1, 2], 'seq_length_mm': [13, 12, 11, 10, 9, 8, 7], 'seq_length_sp': 3, 'seq_length_ss': [11, 10, 9, 8, 7, 6]}",0.685,0.6675,0.6325,0.64,0.595,0.6439999999999999,0.030927334188384253,15
37,2.657217502593994,0.2527496427407342,0.5976613521575928,0.08242086936854928,0.38,0,sum,0.5,"[1, 2]","[13, 12, 11, 10, 9, 8, 7]",3,"[11, 10, 9, 8, 7, 6]","{'C': 0.38, 'data_index': 0, 'kernel_name': 'sum', 'lambda_ss': 0.5, 'mismatch_nb': [1, 2], 'seq_length_mm': [13, 12, 11, 10, 9, 8, 7], 'seq_length_sp': 3, 'seq_length_ss': [11, 10, 9, 8, 7, 6]}",0.685,0.6675,0.6325,0.64,0.595,0.6439999999999999,0.030927334188384253,15
38,3.1024713039398195,0.28809497159854186,0.5800975322723388,0.11752261885973976,0.39,0,sum,0.5,"[1, 2]","[13, 12, 11, 10, 9, 8, 7]",3,"[11, 10, 9, 8, 7, 6]","{'C': 0.39, 'data_index': 0, 'kernel_name': 'sum', 'lambda_ss': 0.5, 'mismatch_nb': [1, 2], 'seq_length_mm': [13, 12, 11, 10, 9, 8, 7], 'seq_length_sp': 3, 'seq_length_ss': [11, 10, 9, 8, 7, 6]}",0.685,0.6675,0.6325,0.64,0.595,0.6439999999999999,0.030927334188384253,15
39,3.0566579818725588,0.20777094874557892,0.49773569107055665,0.054800145032543025,0.4,0,sum,0.5,"[1, 2]","[13, 12, 11, 10, 9, 8, 7]",3,"[11, 10, 9, 8, 7, 6]","{'C': 0.4, 'data_index': 0, 'kernel_name': 'sum', 'lambda_ss': 0.5, 'mismatch_nb': [1, 2], 'seq_length_mm': [13, 12, 11, 10, 9, 8, 7], 'seq_length_sp': 3, 'seq_length_ss': [11, 10, 9, 8, 7, 6]}",0.685,0.6675,0.6325,0.64,0.595,0.6439999999999999,0.030927334188384253,15
40,3.129045295715332,0.18831605157464934,0.5754707813262939,0.09892029707464785,0.41000000000000003,0,sum,0.5,"[1, 2]","[13, 12, 11, 10, 9, 8, 7]",3,"[11, 10, 9, 8, 7, 6]","{'C': 0.41000000000000003, 'data_index': 0, 'kernel_name': 'sum', 'lambda_ss': 0.5, 'mismatch_nb': [1, 2], 'seq_length_mm': [13, 12, 11, 10, 9, 8, 7], 'seq_length_sp': 3, 'seq_length_ss': [11, 10, 9, 8, 7, 6]}",0.685,0.6675,0.6325,0.64,0.595,0.6439999999999999,0.030927334188384253,15
41,2.998133897781372,0.21293556662369711,0.5254857540130615,0.044103056550421946,0.42000000000000004,0,sum,0.5,"[1, 2]","[13, 12, 11, 10, 9, 8, 7]",3,"[11, 10, 9, 8, 7, 6]","{'C': 0.42000000000000004, 'data_index': 0, 'kernel_name': 'sum', 'lambda_ss': 0.5, 'mismatch_nb': [1, 2], 'seq_length_mm': [13, 12, 11, 10, 9, 8, 7], 'seq_length_sp': 3, 'seq_length_ss': [11, 10, 9, 8, 7, 6]}",0.685,0.6675,0.6325,0.64,0.595,0.6439999999999999,0.030927334188384253,15
42,3.297834873199463,0.20871890182293537,0.5565394878387451,0.12264825690371467,0.43,0,sum,0.5,"[1, 2]","[13, 12, 11, 10, 9, 8, 7]",3,"[11, 10, 9, 8, 7, 6]","{'C': 0.43, 'data_index': 0, 'kernel_name': 'sum', 'lambda_ss': 0.5, 'mismatch_nb': [1, 2], 'seq_length_mm': [13, 12, 11, 10, 9, 8, 7], 'seq_length_sp': 3, 'seq_length_ss': [11, 10, 9, 8, 7, 6]}",0.685,0.6675,0.6325,0.64,0.595,0.6439999999999999,0.030927334188384253,15
43,2.7633001804351807,0.06650685559628455,0.6018596649169922,0.15272221782044207,0.44,0,sum,0.5,"[1, 2]","[13, 12, 11, 10, 9, 8, 7]",3,"[11, 10, 9, 8, 7, 6]","{'C': 0.44, 'data_index': 0, 'kernel_name': 'sum', 'lambda_ss': 0.5, 'mismatch_nb': [1, 2], 'seq_length_mm': [13, 12, 11, 10, 9, 8, 7], 'seq_length_sp': 3, 'seq_length_ss': [11, 10, 9, 8, 7, 6]}",0.685,0.6675,0.6325,0.64,0.595,0.6439999999999999,0.030927334188384253,15
44,3.0305599689483644,0.129020835064431,0.4715789794921875,0.036036629844512835,0.45,0,sum,0.5,"[1, 2]","[13, 12, 11, 10, 9, 8, 7]",3,"[11, 10, 9, 8, 7, 6]","{'C': 0.45, 'data_index': 0, 'kernel_name': 'sum', 'lambda_ss': 0.5, 'mismatch_nb': [1, 2], 'seq_length_mm': [13, 12, 11, 10, 9, 8, 7], 'seq_length_sp': 3, 'seq_length_ss': [11, 10, 9, 8, 7, 6]}",0.685,0.6675,0.6325,0.64,0.595,0.6439999999999999,0.030927334188384253,15
45,2.9970208168029786,0.14392103793246008,0.5533001899719239,0.07551647004692459,0.46,0,sum,0.5,"[1, 2]","[13, 12, 11, 10, 9, 8, 7]",3,"[11, 10, 9, 8, 7, 6]","{'C': 0.46, 'data_index': 0, 'kernel_name': 'sum', 'lambda_ss': 0.5, 'mismatch_nb': [1, 2], 'seq_length_mm': [13, 12, 11, 10, 9, 8, 7], 'seq_length_sp': 3, 'seq_length_ss': [11, 10, 9, 8, 7, 6]}",0.685,0.6675,0.6325,0.64,0.595,0.6439999999999999,0.030927334188384253,15
46,3.0196111679077147,0.25690016550715566,0.5048645496368408,0.034492521198127915,0.47000000000000003,0,sum,0.5,"[1, 2]","[13, 12, 11, 10, 9, 8, 7]",3,"[11, 10, 9, 8, 7, 6]","{'C': 0.47000000000000003, 'data_index': 0, 'kernel_name': 'sum', 'lambda_ss': 0.5, 'mismatch_nb': [1, 2], 'seq_length_mm': [13, 12, 11, 10, 9, 8, 7], 'seq_length_sp': 3, 'seq_length_ss': [11, 10, 9, 8, 7, 6]}",0.685,0.6675,0.6325,0.64,0.595,0.6439999999999999,0.030927334188384253,15
47,2.9313323974609373,0.22879965553313997,0.4614055633544922,0.04143705968150301,0.48000000000000004,0,sum,0.5,"[1, 2]","[13, 12, 11, 10, 9, 8, 7]",3,"[11, 10, 9, 8, 7, 6]","{'C': 0.48000000000000004, 'data_index': 0, 'kernel_name': 'sum', 'lambda_ss': 0.5, 'mismatch_nb': [1, 2], 'seq_length_mm': [13, 12, 11, 10, 9, 8, 7], 'seq_length_sp': 3, 'seq_length_ss': [11, 10, 9, 8, 7, 6]}",0.685,0.6675,0.6325,0.64,0.595,0.6439999999999999,0.030927334188384253,15
48,2.8591854572296143,0.11115238654546933,0.5056970119476318,0.06066003474885352,0.49,0,sum,0.5,"[1, 2]","[13, 12, 11, 10, 9, 8, 7]",3,"[11, 10, 9, 8, 7, 6]","{'C': 0.49, 'data_index': 0, 'kernel_name': 'sum', 'lambda_ss': 0.5, 'mismatch_nb': [1, 2], 'seq_length_mm': [13, 12, 11, 10, 9, 8, 7], 'seq_length_sp': 3, 'seq_length_ss': [11, 10, 9, 8, 7, 6]}",0.685,0.6675,0.6325,0.64,0.595,0.6439999999999999,0.030927334188384253,15
49,2.7747002124786375,0.18707040727018268,0.4561161994934082,0.03777785009418756,0.5,0,sum,0.5,"[1, 2]","[13, 12, 11, 10, 9, 8, 7]",3,"[11, 10, 9, 8, 7, 6]","{'C': 0.5, 'data_index': 0, 'kernel_name': 'sum', 'lambda_ss': 0.5, 'mismatch_nb': [1, 2], 'seq_length_mm': [13, 12, 11, 10, 9, 8, 7], 'seq_length_sp': 3, 'seq_length_ss': [11, 10, 9, 8, 7, 6]}",0.685,0.6675,0.6325,0.64,0.595,0.6439999999999999,0.030927334188384253,15
50,2.888260841369629,0.20597414058299252,0.5207045555114747,0.0670681923106654,0.51,0,sum,0.5,"[1, 2]","[13, 12, 11, 10, 9, 8, 7]",3,"[11, 10, 9, 8, 7, 6]","{'C': 0.51, 'data_index': 0, 'kernel_name': 'sum', 'lambda_ss': 0.5, 'mismatch_nb': [1, 2], 'seq_length_mm': [13, 12, 11, 10, 9, 8, 7], 'seq_length_sp': 3, 'seq_length_ss': [11, 10, 9, 8, 7, 6]}",0.685,0.6675,0.6325,0.64,0.595,0.6439999999999999,0.030927334188384253,15
51,2.929296445846558,0.14119423657692526,0.49673995971679685,0.04460485730752917,0.52,0,sum,0.5,"[1, 2]","[13, 12, 11, 10, 9, 8, 7]",3,"[11, 10, 9, 8, 7, 6]","{'C': 0.52, 'data_index': 0, 'kernel_name': 'sum', 'lambda_ss': 0.5, 'mismatch_nb': [1, 2], 'seq_length_mm': [13, 12, 11, 10, 9, 8, 7], 'seq_length_sp': 3, 'seq_length_ss': [11, 10, 9, 8, 7, 6]}",0.685,0.6675,0.6325,0.64,0.595,0.6439999999999999,0.030927334188384253,15
52,3.1206164360046387,0.21160519017083537,0.5740015506744385,0.08909738340437622,0.53,0,sum,0.5,"[1, 2]","[13, 12, 11, 10, 9, 8, 7]",3,"[11, 10, 9, 8, 7, 6]","{'C': 0.53, 'data_index': 0, 'kernel_name': 'sum', 'lambda_ss': 0.5, 'mismatch_nb': [1, 2], 'seq_length_mm': [13, 12, 11, 10, 9, 8, 7], 'seq_length_sp': 3, 'seq_length_ss': [11, 10, 9, 8, 7, 6]}",0.685,0.6675,0.6325,0.64,0.595,0.6439999999999999,0.030927334188384253,15
53,2.9288150310516357,0.17147077346032671,0.47928586006164553,0.04791531880378826,0.54,0,sum,0.5,"[1, 2]","[13, 12, 11, 10, 9, 8, 7]",3,"[11, 10, 9, 8, 7, 6]","{'C': 0.54, 'data_index': 0, 'kernel_name': 'sum', 'lambda_ss': 0.5, 'mismatch_nb': [1, 2], 'seq_length_mm': [13, 12, 11, 10, 9, 8, 7], 'seq_length_sp': 3, 'seq_length_ss': [11, 10, 9, 8, 7, 6]}",0.685,0.6675,0.6325,0.64,0.595,0.6439999999999999,0.030927334188384253,15
54,2.6322192668914797,0.2127303301557579,0.5039484024047851,0.05060664904465307,0.55,0,sum,0.5,"[1, 2]","[13, 12, 11, 10, 9, 8, 7]",3,"[11, 10, 9, 8, 7, 6]","{'C': 0.55, 'data_index': 0, 'kernel_name': 'sum', 'lambda_ss': 0.5, 'mismatch_nb': [1, 2], 'seq_length_mm': [13, 12, 11, 10, 9, 8, 7], 'seq_length_sp': 3, 'seq_length_ss': [11, 10, 9, 8, 7, 6]}",0.685,0.6675,0.6325,0.64,0.595,0.6439999999999999,0.030927334188384253,15
55,2.899814081192017,0.20804691213535517,0.4524538040161133,0.031520390129097936,0.56,0,sum,0.5,"[1, 2]","[13, 12, 11, 10, 9, 8, 7]",3,"[11, 10, 9, 8, 7, 6]","{'C': 0.56, 'data_index': 0, 'kernel_name': 'sum', 'lambda_ss': 0.5, 'mismatch_nb': [1, 2], 'seq_length_mm': [13, 12, 11, 10, 9, 8, 7], 'seq_length_sp': 3, 'seq_length_ss': [11, 10, 9, 8, 7, 6]}",0.685,0.6675,0.6325,0.64,0.595,0.6439999999999999,0.030927334188384253,15
56,2.7597389221191406,0.24110882025765076,0.49431543350219725,0.0417193358598805,0.5700000000000001,0,sum,0.5,"[1, 2]","[13, 12, 11, 10, 9, 8, 7]",3,"[11, 10, 9, 8, 7, 6]","{'C': 0.5700000000000001, 'data_index': 0, 'kernel_name': 'sum', 'lambda_ss': 0.5, 'mismatch_nb': [1, 2], 'seq_length_mm': [13, 12, 11, 10, 9, 8, 7], 'seq_length_sp': 3, 'seq_length_ss': [11, 10, 9, 8, 7, 6]}",0.685,0.6675,0.6325,0.64,0.595,0.6439999999999999,0.030927334188384253,15
57,3.004468488693237,0.11821068634873662,0.5321382522583008,0.04004572082061155,0.5800000000000001,0,sum,0.5,"[1, 2]","[13, 12, 11, 10, 9, 8, 7]",3,"[11, 10, 9, 8, 7, 6]","{'C': 0.5800000000000001, 'data_index': 0, 'kernel_name': 'sum', 'lambda_ss': 0.5, 'mismatch_nb': [1, 2], 'seq_length_mm': [13, 12, 11, 10, 9, 8, 7], 'seq_length_sp': 3, 'seq_length_ss': [11, 10, 9, 8, 7, 6]}",0.685,0.6675,0.6325,0.64,0.595,0.6439999999999999,0.030927334188384253,15
58,2.9878973007202148,0.17296752715838562,0.5412346363067627,0.05492582655013183,0.59,0,sum,0.5,"[1, 2]","[13, 12, 11, 10, 9, 8, 7]",3,"[11, 10, 9, 8, 7, 6]","{'C': 0.59, 'data_index': 0, 'kernel_name': 'sum', 'lambda_ss': 0.5, 'mismatch_nb': [1, 2], 'seq_length_mm': [13, 12, 11, 10, 9, 8, 7], 'seq_length_sp': 3, 'seq_length_ss': [11, 10, 9, 8, 7, 6]}",0.685,0.6675,0.6325,0.64,0.595,0.6439999999999999,0.030927334188384253,15
59,3.167143678665161,0.1859044226642141,0.5551943778991699,0.14620966918865252,0.6,0,sum,0.5,"[1, 2]","[13, 12, 11, 10, 9, 8, 7]",3,"[11, 10, 9, 8, 7, 6]","{'C': 0.6, 'data_index': 0, 'kernel_name': 'sum', 'lambda_ss': 0.5, 'mismatch_nb': [1, 2], 'seq_length_mm': [13, 12, 11, 10, 9, 8, 7], 'seq_length_sp': 3, 'seq_length_ss': [11, 10, 9, 8, 7, 6]}",0.685,0.6675,0.6325,0.64,0.595,0.6439999999999999,0.030927334188384253,15
60,2.813555669784546,0.1592919092425944,0.4601407527923584,0.03991623485312059,0.61,0,sum,0.5,"[1, 2]","[13, 12, 11, 10, 9, 8, 7]",3,"[11, 10, 9, 8, 7, 6]","{'C': 0.61, 'data_index': 0, 'kernel_name': 'sum', 'lambda_ss': 0.5, 'mismatch_nb': [1, 2], 'seq_length_mm': [13, 12, 11, 10, 9, 8, 7], 'seq_length_sp': 3, 'seq_length_ss': [11, 10, 9, 8, 7, 6]}",0.685,0.6675,0.6325,0.64,0.595,0.6439999999999999,0.030927334188384253,15
61,2.8692275047302247,0.19833273860168793,0.5022673606872559,0.027954583343716897,0.62,0,sum,0.5,"[1, 2]","[13, 12, 11, 10, 9, 8, 7]",3,"[11, 10, 9, 8, 7, 6]","{'C': 0.62, 'data_index': 0, 'kernel_name': 'sum', 'lambda_ss': 0.5, 'mismatch_nb': [1, 2], 'seq_length_mm': [13, 12, 11, 10, 9, 8, 7], 'seq_length_sp': 3, 'seq_length_ss': [11, 10, 9, 8, 7, 6]}",0.685,0.6675,0.6325,0.64,0.595,0.6439999999999999,0.030927334188384253,15
62,2.814318227767944,0.18378722981553272,0.5583667278289794,0.1532876746676498,0.63,0,sum,0.5,"[1, 2]","[13, 12, 11, 10, 9, 8, 7]",3,"[11, 10, 9, 8, 7, 6]","{'C': 0.63, 'data_index': 0, 'kernel_name': 'sum', 'lambda_ss': 0.5, 'mismatch_nb': [1, 2], 'seq_length_mm': [13, 12, 11, 10, 9, 8, 7], 'seq_length_sp': 3, 'seq_length_ss': [11, 10, 9, 8, 7, 6]}",0.685,0.6675,0.6325,0.64,0.595,0.6439999999999999,0.030927334188384253,15
63,2.913362455368042,0.15316120996946908,0.5022272109985352,0.044892330520365065,0.64,0,sum,0.5,"[1, 2]","[13, 12, 11, 10, 9, 8, 7]",3,"[11, 10, 9, 8, 7, 6]","{'C': 0.64, 'data_index': 0, 'kernel_name': 'sum', 'lambda_ss': 0.5, 'mismatch_nb': [1, 2], 'seq_length_mm': [13, 12, 11, 10, 9, 8, 7], 'seq_length_sp': 3, 'seq_length_ss': [11, 10, 9, 8, 7, 6]}",0.685,0.6675,0.6325,0.64,0.595,0.6439999999999999,0.030927334188384253,15
64,3.0483810901641846,0.24319509887849589,0.5007583141326905,0.02662188629828113,0.65,0,sum,0.5,"[1, 2]","[13, 12, 11, 10, 9, 8, 7]",3,"[11, 10, 9, 8, 7, 6]","{'C': 0.65, 'data_index': 0, 'kernel_name': 'sum', 'lambda_ss': 0.5, 'mismatch_nb': [1, 2], 'seq_length_mm': [13, 12, 11, 10, 9, 8, 7], 'seq_length_sp': 3, 'seq_length_ss': [11, 10, 9, 8, 7, 6]}",0.685,0.6675,0.6325,0.64,0.595,0.6439999999999999,0.030927334188384253,15
65,3.022284507751465,0.1815724857495479,0.5539587020874024,0.09166910381735184,0.66,0,sum,0.5,"[1, 2]","[13, 12, 11, 10, 9, 8, 7]",3,"[11, 10, 9, 8, 7, 6]","{'C': 0.66, 'data_index': 0, 'kernel_name': 'sum', 'lambda_ss': 0.5, 'mismatch_nb': [1, 2], 'seq_length_mm': [13, 12, 11, 10, 9, 8, 7], 'seq_length_sp': 3, 'seq_length_ss': [11, 10, 9, 8, 7, 6]}",0.685,0.6675,0.6325,0.64,0.595,0.6439999999999999,0.030927334188384253,15
66,3.0443677425384523,0.27661932696658476,0.552088451385498,0.03781757387954735,0.67,0,sum,0.5,"[1, 2]","[13, 12, 11, 10, 9, 8, 7]",3,"[11, 10, 9, 8, 7, 6]","{'C': 0.67, 'data_index': 0, 'kernel_name': 'sum', 'lambda_ss': 0.5, 'mismatch_nb': [1, 2], 'seq_length_mm': [13, 12, 11, 10, 9, 8, 7], 'seq_length_sp': 3, 'seq_length_ss': [11, 10, 9, 8, 7, 6]}",0.685,0.6675,0.6325,0.64,0.595,0.6439999999999999,0.030927334188384253,15
67,2.779901552200317,0.13016481970620164,0.5526731967926025,0.1388428598384808,0.68,0,sum,0.5,"[1, 2]","[13, 12, 11, 10, 9, 8, 7]",3,"[11, 10, 9, 8, 7, 6]","{'C': 0.68, 'data_index': 0, 'kernel_name': 'sum', 'lambda_ss': 0.5, 'mismatch_nb': [1, 2], 'seq_length_mm': [13, 12, 11, 10, 9, 8, 7], 'seq_length_sp': 3, 'seq_length_ss': [11, 10, 9, 8, 7, 6]}",0.685,0.6675,0.6325,0.64,0.595,0.6439999999999999,0.030927334188384253,15
68,2.6699313640594484,0.1400092176714877,0.5355515956878663,0.06338538566861376,0.6900000000000001,0,sum,0.5,"[1, 2]","[13, 12, 11, 10, 9, 8, 7]",3,"[11, 10, 9, 8, 7, 6]","{'C': 0.6900000000000001, 'data_index': 0, 'kernel_name': 'sum', 'lambda_ss': 0.5, 'mismatch_nb': [1, 2], 'seq_length_mm': [13, 12, 11, 10, 9, 8, 7], 'seq_length_sp': 3, 'seq_length_ss': [11, 10, 9, 8, 7, 6]}",0.685,0.6675,0.6325,0.64,0.595,0.6439999999999999,0.030927334188384253,15
69,2.791893196105957,0.17105318759695382,0.49867095947265627,0.021217658061469778,0.7000000000000001,0,sum,0.5,"[1, 2]","[13, 12, 11, 10, 9, 8, 7]",3,"[11, 10, 9, 8, 7, 6]","{'C': 0.7000000000000001, 'data_index': 0, 'kernel_name': 'sum', 'lambda_ss': 0.5, 'mismatch_nb': [1, 2], 'seq_length_mm': [13, 12, 11, 10, 9, 8, 7], 'seq_length_sp': 3, 'seq_length_ss': [11, 10, 9, 8, 7, 6]}",0.685,0.6675,0.6325,0.64,0.595,0.6439999999999999,0.030927334188384253,15
70,3.056810998916626,0.2253064684083266,0.5039968490600586,0.0426979996113195,0.7100000000000001,0,sum,0.5,"[1, 2]","[13, 12, 11, 10, 9, 8, 7]",3,"[11, 10, 9, 8, 7, 6]","{'C': 0.7100000000000001, 'data_index': 0, 'kernel_name': 'sum', 'lambda_ss': 0.5, 'mismatch_nb': [1, 2], 'seq_length_mm': [13, 12, 11, 10, 9, 8, 7], 'seq_length_sp': 3, 'seq_length_ss': [11, 10, 9, 8, 7, 6]}",0.685,0.6675,0.6325,0.64,0.595,0.6439999999999999,0.030927334188384253,15
71,3.0928372859954836,0.4076596488306687,0.4640224456787109,0.025507559262001604,0.72,0,sum,0.5,"[1, 2]","[13, 12, 11, 10, 9, 8, 7]",3,"[11, 10, 9, 8, 7, 6]","{'C': 0.72, 'data_index': 0, 'kernel_name': 'sum', 'lambda_ss': 0.5, 'mismatch_nb': [1, 2], 'seq_length_mm': [13, 12, 11, 10, 9, 8, 7], 'seq_length_sp': 3, 'seq_length_ss': [11, 10, 9, 8, 7, 6]}",0.685,0.6675,0.6325,0.64,0.595,0.6439999999999999,0.030927334188384253,15
72,2.9343642711639406,0.11243946719927829,0.526333236694336,0.11529307628071543,0.73,0,sum,0.5,"[1, 2]","[13, 12, 11, 10, 9, 8, 7]",3,"[11, 10, 9, 8, 7, 6]","{'C': 0.73, 'data_index': 0, 'kernel_name': 'sum', 'lambda_ss': 0.5, 'mismatch_nb': [1, 2], 'seq_length_mm': [13, 12, 11, 10, 9, 8, 7], 'seq_length_sp': 3, 'seq_length_ss': [11, 10, 9, 8, 7, 6]}",0.685,0.6675,0.6325,0.64,0.595,0.6439999999999999,0.030927334188384253,15
73,2.84034948348999,0.05995460803801979,0.4754170894622803,0.04901763579249426,0.74,0,sum,0.5,"[1, 2]","[13, 12, 11, 10, 9, 8, 7]",3,"[11, 10, 9, 8, 7, 6]","{'C': 0.74, 'data_index': 0, 'kernel_name': 'sum', 'lambda_ss': 0.5, 'mismatch_nb': [1, 2], 'seq_length_mm': [13, 12, 11, 10, 9, 8, 7], 'seq_length_sp': 3, 'seq_length_ss': [11, 10, 9, 8, 7, 6]}",0.685,0.6675,0.6325,0.64,0.595,0.6439999999999999,0.030927334188384253,15
74,3.0080949306488036,0.1198740029343747,0.5520252704620361,0.12038627342690864,0.75,0,sum,0.5,"[1, 2]","[13, 12, 11, 10, 9, 8, 7]",3,"[11, 10, 9, 8, 7, 6]","{'C': 0.75, 'data_index': 0, 'kernel_name': 'sum', 'lambda_ss': 0.5, 'mismatch_nb': [1, 2], 'seq_length_mm': [13, 12, 11, 10, 9, 8, 7], 'seq_length_sp': 3, 'seq_length_ss': [11, 10, 9, 8, 7, 6]}",0.685,0.6675,0.6325,0.64,0.595,0.6439999999999999,0.030927334188384253,15
75,2.657276487350464,0.16717123064623005,0.5807790756225586,0.07511909921433008,0.76,0,sum,0.5,"[1, 2]","[13, 12, 11, 10, 9, 8, 7]",3,"[11, 10, 9, 8, 7, 6]","{'C': 0.76, 'data_index': 0, 'kernel_name': 'sum', 'lambda_ss': 0.5, 'mismatch_nb': [1, 2], 'seq_length_mm': [13, 12, 11, 10, 9, 8, 7], 'seq_length_sp': 3, 'seq_length_ss': [11, 10, 9, 8, 7, 6]}",0.685,0.6675,0.6325,0.64,0.595,0.6439999999999999,0.030927334188384253,15
76,2.978535795211792,0.07663161724022917,0.48131284713745115,0.03399581284627718,0.77,0,sum,0.5,"[1, 2]","[13, 12, 11, 10, 9, 8, 7]",3,"[11, 10, 9, 8, 7, 6]","{'C': 0.77, 'data_index': 0, 'kernel_name': 'sum', 'lambda_ss': 0.5, 'mismatch_nb': [1, 2], 'seq_length_mm': [13, 12, 11, 10, 9, 8, 7], 'seq_length_sp': 3, 'seq_length_ss': [11, 10, 9, 8, 7, 6]}",0.685,0.6675,0.6325,0.64,0.595,0.6439999999999999,0.030927334188384253,15
77,3.037560558319092,0.06478383708601511,0.5003974914550782,0.03746656809264311,0.78,0,sum,0.5,"[1, 2]","[13, 12, 11, 10, 9, 8, 7]",3,"[11, 10, 9, 8, 7, 6]","{'C': 0.78, 'data_index': 0, 'kernel_name': 'sum', 'lambda_ss': 0.5, 'mismatch_nb': [1, 2], 'seq_length_mm': [13, 12, 11, 10, 9, 8, 7], 'seq_length_sp': 3, 'seq_length_ss': [11, 10, 9, 8, 7, 6]}",0.685,0.6675,0.6325,0.64,0.595,0.6439999999999999,0.030927334188384253,15
78,3.0169869899749755,0.09358747440061728,0.5817230224609375,0.12086094537314297,0.79,0,sum,0.5,"[1, 2]","[13, 12, 11, 10, 9, 8, 7]",3,"[11, 10, 9, 8, 7, 6]","{'C': 0.79, 'data_index': 0, 'kernel_name': 'sum', 'lambda_ss': 0.5, 'mismatch_nb': [1, 2], 'seq_length_mm': [13, 12, 11, 10, 9, 8, 7], 'seq_length_sp': 3, 'seq_length_ss': [11, 10, 9, 8, 7, 6]}",0.685,0.6675,0.6325,0.64,0.595,0.6439999999999999,0.030927334188384253,15
79,2.9842065811157226,0.3314187005563289,0.45616660118103025,0.04713405777574925,0.8,0,sum,0.5,"[1, 2]","[13, 12, 11, 10, 9, 8, 7]",3,"[11, 10, 9, 8, 7, 6]","{'C': 0.8, 'data_index': 0, 'kernel_name': 'sum', 'lambda_ss': 0.5, 'mismatch_nb': [1, 2], 'seq_length_mm': [13, 12, 11, 10, 9, 8, 7], 'seq_length_sp': 3, 'seq_length_ss': [11, 10, 9, 8, 7, 6]}",0.685,0.6675,0.6325,0.64,0.595,0.6439999999999999,0.030927334188384253,15
80,2.9953295230865478,0.1870357855918297,0.5008438110351563,0.08708814840414997,0.81,0,sum,0.5,"[1, 2]","[13, 12, 11, 10, 9, 8, 7]",3,"[11, 10, 9, 8, 7, 6]","{'C': 0.81, 'data_index': 0, 'kernel_name': 'sum', 'lambda_ss': 0.5, 'mismatch_nb': [1, 2], 'seq_length_mm': [13, 12, 11, 10, 9, 8, 7], 'seq_length_sp': 3, 'seq_length_ss': [11, 10, 9, 8, 7, 6]}",0.685,0.6675,0.6325,0.64,0.595,0.6439999999999999,0.030927334188384253,15
81,3.0516568660736083,0.2651288415782392,0.4931521415710449,0.03853322228233383,0.8200000000000001,0,sum,0.5,"[1, 2]","[13, 12, 11, 10, 9, 8, 7]",3,"[11, 10, 9, 8, 7, 6]","{'C': 0.8200000000000001, 'data_index': 0, 'kernel_name': 'sum', 'lambda_ss': 0.5, 'mismatch_nb': [1, 2], 'seq_length_mm': [13, 12, 11, 10, 9, 8, 7], 'seq_length_sp': 3, 'seq_length_ss': [11, 10, 9, 8, 7, 6]}",0.685,0.6675,0.6325,0.64,0.595,0.6439999999999999,0.030927334188384253,15
82,3.1610567569732666,0.2048022163114683,0.5272925853729248,0.0389268019259189,0.8300000000000001,0,sum,0.5,"[1, 2]","[13, 12, 11, 10, 9, 8, 7]",3,"[11, 10, 9, 8, 7, 6]","{'C': 0.8300000000000001, 'data_index': 0, 'kernel_name': 'sum', 'lambda_ss': 0.5, 'mismatch_nb': [1, 2], 'seq_length_mm': [13, 12, 11, 10, 9, 8, 7], 'seq_length_sp': 3, 'seq_length_ss': [11, 10, 9, 8, 7, 6]}",0.685,0.6675,0.6325,0.64,0.595,0.6439999999999999,0.030927334188384253,15
83,2.9834603786468508,0.22483530526849943,0.48128933906555177,0.023863190422983793,0.8400000000000001,0,sum,0.5,"[1, 2]","[13, 12, 11, 10, 9, 8, 7]",3,"[11, 10, 9, 8, 7, 6]","{'C': 0.8400000000000001, 'data_index': 0, 'kernel_name': 'sum', 'lambda_ss': 0.5, 'mismatch_nb': [1, 2], 'seq_length_mm': [13, 12, 11, 10, 9, 8, 7], 'seq_length_sp': 3, 'seq_length_ss': [11, 10, 9, 8, 7, 6]}",0.685,0.6675,0.6325,0.64,0.595,0.6439999999999999,0.030927334188384253,15
84,2.9772840976715087,0.2224262611655531,0.5198214054107666,0.06854985127300091,0.85,0,sum,0.5,"[1, 2]","[13, 12, 11, 10, 9, 8, 7]",3,"[11, 10, 9, 8, 7, 6]","{'C': 0.85, 'data_index': 0, 'kernel_name': 'sum', 'lambda_ss': 0.5, 'mismatch_nb': [1, 2], 'seq_length_mm': [13, 12, 11, 10, 9, 8, 7], 'seq_length_sp': 3, 'seq_length_ss': [11, 10, 9, 8, 7, 6]}",0.685,0.6675,0.6325,0.64,0.595,0.6439999999999999,0.030927334188384253,15
85,2.995907354354858,0.17016337697583847,0.565438175201416,0.09768875140594487,0.86,0,sum,0.5,"[1, 2]","[13, 12, 11, 10, 9, 8, 7]",3,"[11, 10, 9, 8, 7, 6]","{'C': 0.86, 'data_index': 0, 'kernel_name': 'sum', 'lambda_ss': 0.5, 'mismatch_nb': [1, 2], 'seq_length_mm': [13, 12, 11, 10, 9, 8, 7], 'seq_length_sp': 3, 'seq_length_ss': [11, 10, 9, 8, 7, 6]}",0.685,0.6675,0.6325,0.64,0.595,0.6439999999999999,0.030927334188384253,15
86,3.048296070098877,0.17607921536082466,0.4681256294250488,0.035097676042949465,0.87,0,sum,0.5,"[1, 2]","[13, 12, 11, 10, 9, 8, 7]",3,"[11, 10, 9, 8, 7, 6]","{'C': 0.87, 'data_index': 0, 'kernel_name': 'sum', 'lambda_ss': 0.5, 'mismatch_nb': [1, 2], 'seq_length_mm': [13, 12, 11, 10, 9, 8, 7], 'seq_length_sp': 3, 'seq_length_ss': [11, 10, 9, 8, 7, 6]}",0.685,0.6675,0.6325,0.64,0.595,0.6439999999999999,0.030927334188384253,15
87,2.7758970260620117,0.10735665150171901,0.5045381546020508,0.03874793971596539,0.88,0,sum,0.5,"[1, 2]","[13, 12, 11, 10, 9, 8, 7]",3,"[11, 10, 9, 8, 7, 6]","{'C': 0.88, 'data_index': 0, 'kernel_name': 'sum', 'lambda_ss': 0.5, 'mismatch_nb': [1, 2], 'seq_length_mm': [13, 12, 11, 10, 9, 8, 7], 'seq_length_sp': 3, 'seq_length_ss': [11, 10, 9, 8, 7, 6]}",0.685,0.6675,0.6325,0.64,0.595,0.6439999999999999,0.030927334188384253,15
88,2.8909576892852784,0.18183370376697988,0.5132838726043701,0.01497881479401075,0.89,0,sum,0.5,"[1, 2]","[13, 12, 11, 10, 9, 8, 7]",3,"[11, 10, 9, 8, 7, 6]","{'C': 0.89, 'data_index': 0, 'kernel_name': 'sum', 'lambda_ss': 0.5, 'mismatch_nb': [1, 2], 'seq_length_mm': [13, 12, 11, 10, 9, 8, 7], 'seq_length_sp': 3, 'seq_length_ss': [11, 10, 9, 8, 7, 6]}",0.685,0.6675,0.6325,0.64,0.595,0.6439999999999999,0.030927334188384253,15
89,2.930116891860962,0.07601921431827438,0.5422158718109131,0.09970936542239806,0.9,0,sum,0.5,"[1, 2]","[13, 12, 11, 10, 9, 8, 7]",3,"[11, 10, 9, 8, 7, 6]","{'C': 0.9, 'data_index': 0, 'kernel_name': 'sum', 'lambda_ss': 0.5, 'mismatch_nb': [1, 2], 'seq_length_mm': [13, 12, 11, 10, 9, 8, 7], 'seq_length_sp': 3, 'seq_length_ss': [11, 10, 9, 8, 7, 6]}",0.685,0.6675,0.6325,0.64,0.595,0.6439999999999999,0.030927334188384253,15
90,2.930051803588867,0.19469575293380184,0.5274409294128418,0.116778162955004,0.91,0,sum,0.5,"[1, 2]","[13, 12, 11, 10, 9, 8, 7]",3,"[11, 10, 9, 8, 7, 6]","{'C': 0.91, 'data_index': 0, 'kernel_name': 'sum', 'lambda_ss': 0.5, 'mismatch_nb': [1, 2], 'seq_length_mm': [13, 12, 11, 10, 9, 8, 7], 'seq_length_sp': 3, 'seq_length_ss': [11, 10, 9, 8, 7, 6]}",0.685,0.6675,0.6325,0.64,0.595,0.6439999999999999,0.030927334188384253,15
91,2.9805842876434325,0.24560144787418897,0.5009892463684082,0.03635032000646583,0.92,0,sum,0.5,"[1, 2]","[13, 12, 11, 10, 9, 8, 7]",3,"[11, 10, 9, 8, 7, 6]","{'C': 0.92, 'data_index': 0, 'kernel_name': 'sum', 'lambda_ss': 0.5, 'mismatch_nb': [1, 2], 'seq_length_mm': [13, 12, 11, 10, 9, 8, 7], 'seq_length_sp': 3, 'seq_length_ss': [11, 10, 9, 8, 7, 6]}",0.685,0.6675,0.6325,0.64,0.595,0.6439999999999999,0.030927334188384253,15
92,2.8295770645141602,0.0756569951033563,0.5020102024078369,0.10549244501373659,0.93,0,sum,0.5,"[1, 2]","[13, 12, 11, 10, 9, 8, 7]",3,"[11, 10, 9, 8, 7, 6]","{'C': 0.93, 'data_index': 0, 'kernel_name': 'sum', 'lambda_ss': 0.5, 'mismatch_nb': [1, 2], 'seq_length_mm': [13, 12, 11, 10, 9, 8, 7], 'seq_length_sp': 3, 'seq_length_ss': [11, 10, 9, 8, 7, 6]}",0.685,0.6675,0.6325,0.64,0.595,0.6439999999999999,0.030927334188384253,15
93,2.9266903400421143,0.12125487737290323,0.4908151149749756,0.0844131620835114,0.9400000000000001,0,sum,0.5,"[1, 2]","[13, 12, 11, 10, 9, 8, 7]",3,"[11, 10, 9, 8, 7, 6]","{'C': 0.9400000000000001, 'data_index': 0, 'kernel_name': 'sum', 'lambda_ss': 0.5, 'mismatch_nb': [1, 2], 'seq_length_mm': [13, 12, 11, 10, 9, 8, 7], 'seq_length_sp': 3, 'seq_length_ss': [11, 10, 9, 8, 7, 6]}",0.685,0.6675,0.6325,0.64,0.595,0.6439999999999999,0.030927334188384253,15
94,2.881311845779419,0.2500284605904651,0.5027653217315674,0.01550182201396423,0.9500000000000001,0,sum,0.5,"[1, 2]","[13, 12, 11, 10, 9, 8, 7]",3,"[11, 10, 9, 8, 7, 6]","{'C': 0.9500000000000001, 'data_index': 0, 'kernel_name': 'sum', 'lambda_ss': 0.5, 'mismatch_nb': [1, 2], 'seq_length_mm': [13, 12, 11, 10, 9, 8, 7], 'seq_length_sp': 3, 'seq_length_ss': [11, 10, 9, 8, 7, 6]}",0.685,0.6675,0.6325,0.64,0.595,0.6439999999999999,0.030927334188384253,15
95,3.1672561168670654,0.32411317630245573,0.5587481021881103,0.08310198099965328,0.9600000000000001,0,sum,0.5,"[1, 2]","[13, 12, 11, 10, 9, 8, 7]",3,"[11, 10, 9, 8, 7, 6]","{'C': 0.9600000000000001, 'data_index': 0, 'kernel_name': 'sum', 'lambda_ss': 0.5, 'mismatch_nb': [1, 2], 'seq_length_mm': [13, 12, 11, 10, 9, 8, 7], 'seq_length_sp': 3, 'seq_length_ss': [11, 10, 9, 8, 7, 6]}",0.685,0.6675,0.6325,0.64,0.595,0.6439999999999999,0.030927334188384253,15
96,3.1512908935546875,0.25709142937088275,0.5315701961517334,0.08585554193927233,0.97,0,sum,0.5,"[1, 2]","[13, 12, 11, 10, 9, 8, 7]",3,"[11, 10, 9, 8, 7, 6]","{'C': 0.97, 'data_index': 0, 'kernel_name': 'sum', 'lambda_ss': 0.5, 'mismatch_nb': [1, 2], 'seq_length_mm': [13, 12, 11, 10, 9, 8, 7], 'seq_length_sp': 3, 'seq_length_ss': [11, 10, 9, 8, 7, 6]}",0.685,0.6675,0.6325,0.64,0.595,0.6439999999999999,0.030927334188384253,15
97,2.9825851917266846,0.10058965338775228,0.5028124332427979,0.05861753385570123,0.98,0,sum,0.5,"[1, 2]","[13, 12, 11, 10, 9, 8, 7]",3,"[11, 10, 9, 8, 7, 6]","{'C': 0.98, 'data_index': 0, 'kernel_name': 'sum', 'lambda_ss': 0.5, 'mismatch_nb': [1, 2], 'seq_length_mm': [13, 12, 11, 10, 9, 8, 7], 'seq_length_sp': 3, 'seq_length_ss': [11, 10, 9, 8, 7, 6]}",0.685,0.6675,0.6325,0.64,0.595,0.6439999999999999,0.030927334188384253,15
98,3.090210199356079,0.17035236398274586,0.5380186080932617,0.03685125028190478,0.99,0,sum,0.5,"[1, 2]","[13, 12, 11, 10, 9, 8, 7]",3,"[11, 10, 9, 8, 7, 6]","{'C': 0.99, 'data_index': 0, 'kernel_name': 'sum', 'lambda_ss': 0.5, 'mismatch_nb': [1, 2], 'seq_length_mm': [13, 12, 11, 10, 9, 8, 7], 'seq_length_sp': 3, 'seq_length_ss': [11, 10, 9, 8, 7, 6]}",0.685,0.6675,0.6325,0.64,0.595,0.6439999999999999,0.030927334188384253,15
99,2.770754671096802,0.18086290554712703,0.47409830093383787,0.015351901972555313,1.0,0,sum,0.5,"[1, 2]","[13, 12, 11, 10, 9, 8, 7]",3,"[11, 10, 9, 8, 7, 6]","{'C': 1.0, 'data_index': 0, 'kernel_name': 'sum', 'lambda_ss': 0.5, 'mismatch_nb': [1, 2], 'seq_length_mm': [13, 12, 11, 10, 9, 8, 7], 'seq_length_sp': 3, 'seq_length_ss': [11, 10, 9, 8, 7, 6]}",0.685,0.6675,0.6325,0.64,0.595,0.6439999999999999,0.030927334188384253,15
100,2.8922425270080567,0.10395142812113749,0.5205188274383545,0.04852891963108346,2.0,0,sum,0.5,"[1, 2]","[13, 12, 11, 10, 9, 8, 7]",3,"[11, 10, 9, 8, 7, 6]","{'C': 2.0, 'data_index': 0, 'kernel_name': 'sum', 'lambda_ss': 0.5, 'mismatch_nb': [1, 2], 'seq_length_mm': [13, 12, 11, 10, 9, 8, 7], 'seq_length_sp': 3, 'seq_length_ss': [11, 10, 9, 8, 7, 6]}",0.685,0.6675,0.6325,0.64,0.595,0.6439999999999999,0.030927334188384253,15
101,3.0075714111328127,0.12616684172207368,0.5457412242889405,0.11996529502823342,3.0,0,sum,0.5,"[1, 2]","[13, 12, 11, 10, 9, 8, 7]",3,"[11, 10, 9, 8, 7, 6]","{'C': 3.0, 'data_index': 0, 'kernel_name': 'sum', 'lambda_ss': 0.5, 'mismatch_nb': [1, 2], 'seq_length_mm': [13, 12, 11, 10, 9, 8, 7], 'seq_length_sp': 3, 'seq_length_ss': [11, 10, 9, 8, 7, 6]}",0.685,0.6675,0.6325,0.64,0.595,0.6439999999999999,0.030927334188384253,15
102,3.1914308071136475,0.23161174895886144,0.5245182514190674,0.10595366808061589,4.0,0,sum,0.5,"[1, 2]","[13, 12, 11, 10, 9, 8, 7]",3,"[11, 10, 9, 8, 7, 6]","{'C': 4.0, 'data_index': 0, 'kernel_name': 'sum', 'lambda_ss': 0.5, 'mismatch_nb': [1, 2], 'seq_length_mm': [13, 12, 11, 10, 9, 8, 7], 'seq_length_sp': 3, 'seq_length_ss': [11, 10, 9, 8, 7, 6]}",0.685,0.6675,0.6325,0.64,0.595,0.6439999999999999,0.030927334188384253,15
103,3.003895568847656,0.14013556285607467,0.48473005294799804,0.040327131954909334,5.0,0,sum,0.5,"[1, 2]","[13, 12, 11, 10, 9, 8, 7]",3,"[11, 10, 9, 8, 7, 6]","{'C': 5.0, 'data_index': 0, 'kernel_name': 'sum', 'lambda_ss': 0.5, 'mismatch_nb': [1, 2], 'seq_length_mm': [13, 12, 11, 10, 9, 8, 7], 'seq_length_sp': 3, 'seq_length_ss': [11, 10, 9, 8, 7, 6]}",0.685,0.6675,0.6325,0.64,0.595,0.6439999999999999,0.030927334188384253,15
104,2.9890371799468993,0.2037471507679062,0.49379854202270507,0.0760071663129973,6.0,0,sum,0.5,"[1, 2]","[13, 12, 11, 10, 9, 8, 7]",3,"[11, 10, 9, 8, 7, 6]","{'C': 6.0, 'data_index': 0, 'kernel_name': 'sum', 'lambda_ss': 0.5, 'mismatch_nb': [1, 2], 'seq_length_mm': [13, 12, 11, 10, 9, 8, 7], 'seq_length_sp': 3, 'seq_length_ss': [11, 10, 9, 8, 7, 6]}",0.685,0.6675,0.6325,0.64,0.595,0.6439999999999999,0.030927334188384253,15
105,3.043038177490234,0.19047517375989656,0.47253708839416503,0.06216876318875074,7.0,0,sum,0.5,"[1, 2]","[13, 12, 11, 10, 9, 8, 7]",3,"[11, 10, 9, 8, 7, 6]","{'C': 7.0, 'data_index': 0, 'kernel_name': 'sum', 'lambda_ss': 0.5, 'mismatch_nb': [1, 2], 'seq_length_mm': [13, 12, 11, 10, 9, 8, 7], 'seq_length_sp': 3, 'seq_length_ss': [11, 10, 9, 8, 7, 6]}",0.685,0.6675,0.6325,0.64,0.595,0.6439999999999999,0.030927334188384253,15
106,3.1801003932952883,0.09085248455037502,0.5617090225219726,0.09934560326744843,8.0,0,sum,0.5,"[1, 2]","[13, 12, 11, 10, 9, 8, 7]",3,"[11, 10, 9, 8, 7, 6]","{'C': 8.0, 'data_index': 0, 'kernel_name': 'sum', 'lambda_ss': 0.5, 'mismatch_nb': [1, 2], 'seq_length_mm': [13, 12, 11, 10, 9, 8, 7], 'seq_length_sp': 3, 'seq_length_ss': [11, 10, 9, 8, 7, 6]}",0.685,0.6675,0.6325,0.64,0.595,0.6439999999999999,0.030927334188384253,15
107,3.379186773300171,0.16445366319732813,0.5839657306671142,0.10764297060938506,9.0,0,sum,0.5,"[1, 2]","[13, 12, 11, 10, 9, 8, 7]",3,"[11, 10, 9, 8, 7, 6]","{'C': 9.0, 'data_index': 0, 'kernel_name': 'sum', 'lambda_ss': 0.5, 'mismatch_nb': [1, 2], 'seq_length_mm': [13, 12, 11, 10, 9, 8, 7], 'seq_length_sp': 3, 'seq_length_ss': [11, 10, 9, 8, 7, 6]}",0.685,0.6675,0.6325,0.64,0.595,0.6439999999999999,0.030927334188384253,15
108,3.332177925109863,0.11715623372845473,0.5571024894714356,0.07983297333640266,10.0,0,sum,0.5,"[1, 2]","[13, 12, 11, 10, 9, 8, 7]",3,"[11, 10, 9, 8, 7, 6]","{'C': 10.0, 'data_index': 0, 'kernel_name': 'sum', 'lambda_ss': 0.5, 'mismatch_nb': [1, 2], 'seq_length_mm': [13, 12, 11, 10, 9, 8, 7], 'seq_length_sp': 3, 'seq_length_ss': [11, 10, 9, 8, 7, 6]}",0.685,0.6675,0.6325,0.64,0.595,0.6439999999999999,0.030927334188384253,15
109,3.2613946914672853,0.17592783591497985,0.4945188522338867,0.0415924655653494,11.0,0,sum,0.5,"[1, 2]","[13, 12, 11, 10, 9, 8, 7]",3,"[11, 10, 9, 8, 7, 6]","{'C': 11.0, 'data_index': 0, 'kernel_name': 'sum', 'lambda_ss': 0.5, 'mismatch_nb': [1, 2], 'seq_length_mm': [13, 12, 11, 10, 9, 8, 7], 'seq_length_sp': 3, 'seq_length_ss': [11, 10, 9, 8, 7, 6]}",0.685,0.6675,0.6325,0.64,0.595,0.6439999999999999,0.030927334188384253,15
110,3.320631742477417,0.09667662803024007,0.5074777603149414,0.039972769213948774,12.0,0,sum,0.5,"[1, 2]","[13, 12, 11, 10, 9, 8, 7]",3,"[11, 10, 9, 8, 7, 6]","{'C': 12.0, 'data_index': 0, 'kernel_name': 'sum', 'lambda_ss': 0.5, 'mismatch_nb': [1, 2], 'seq_length_mm': [13, 12, 11, 10, 9, 8, 7], 'seq_length_sp': 3, 'seq_length_ss': [11, 10, 9, 8, 7, 6]}",0.685,0.6675,0.6325,0.64,0.595,0.6439999999999999,0.030927334188384253,15
111,3.1770952224731444,0.17509222758484588,0.46848549842834475,0.03778588522758164,13.0,0,sum,0.5,"[1, 2]","[13, 12, 11, 10, 9, 8, 7]",3,"[11, 10, 9, 8, 7, 6]","{'C': 13.0, 'data_index': 0, 'kernel_name': 'sum', 'lambda_ss': 0.5, 'mismatch_nb': [1, 2], 'seq_length_mm': [13, 12, 11, 10, 9, 8, 7], 'seq_length_sp': 3, 'seq_length_ss': [11, 10, 9, 8, 7, 6]}",0.685,0.6675,0.6325,0.64,0.595,0.6439999999999999,0.030927334188384253,15
112,3.3588630676269533,0.10893791122081738,0.4807694435119629,0.05952921910842135,14.0,0,sum,0.5,"[1, 2]","[13, 12, 11, 10, 9, 8, 7]",3,"[11, 10, 9, 8, 7, 6]","{'C': 14.0, 'data_index': 0, 'kernel_name': 'sum', 'lambda_ss': 0.5, 'mismatch_nb': [1, 2], 'seq_length_mm': [13, 12, 11, 10, 9, 8, 7], 'seq_length_sp': 3, 'seq_length_ss': [11, 10, 9, 8, 7, 6]}",0.685,0.6675,0.6325,0.64,0.595,0.6439999999999999,0.030927334188384253,15
113,3.1782676219940185,0.23512892055428342,0.5199132442474366,0.07573081405347384,15.0,0,sum,0.5,"[1, 2]","[13, 12, 11, 10, 9, 8, 7]",3,"[11, 10, 9, 8, 7, 6]","{'C': 15.0, 'data_index': 0, 'kernel_name': 'sum', 'lambda_ss': 0.5, 'mismatch_nb': [1, 2], 'seq_length_mm': [13, 12, 11, 10, 9, 8, 7], 'seq_length_sp': 3, 'seq_length_ss': [11, 10, 9, 8, 7, 6]}",0.685,0.6675,0.6325,0.64,0.595,0.6439999999999999,0.030927334188384253,15
114,3.096348190307617,0.21952969304452005,0.555071496963501,0.09210789320542054,16.0,0,sum,0.5,"[1, 2]","[13, 12, 11, 10, 9, 8, 7]",3,"[11, 10, 9, 8, 7, 6]","{'C': 16.0, 'data_index': 0, 'kernel_name': 'sum', 'lambda_ss': 0.5, 'mismatch_nb': [1, 2], 'seq_length_mm': [13, 12, 11, 10, 9, 8, 7], 'seq_length_sp': 3, 'seq_length_ss': [11, 10, 9, 8, 7, 6]}",0.685,0.6675,0.6325,0.64,0.595,0.6439999999999999,0.030927334188384253,15
115,3.070888710021973,0.14195513958804054,0.5211494445800782,0.054127273219743595,17.0,0,sum,0.5,"[1, 2]","[13, 12, 11, 10, 9, 8, 7]",3,"[11, 10, 9, 8, 7, 6]","{'C': 17.0, 'data_index': 0, 'kernel_name': 'sum', 'lambda_ss': 0.5, 'mismatch_nb': [1, 2], 'seq_length_mm': [13, 12, 11, 10, 9, 8, 7], 'seq_length_sp': 3, 'seq_length_ss': [11, 10, 9, 8, 7, 6]}",0.685,0.6675,0.6325,0.64,0.595,0.6439999999999999,0.030927334188384253,15
116,3.3226547718048094,0.3515345979879567,0.47239084243774415,0.04608470868211687,18.0,0,sum,0.5,"[1, 2]","[13, 12, 11, 10, 9, 8, 7]",3,"[11, 10, 9, 8, 7, 6]","{'C': 18.0, 'data_index': 0, 'kernel_name': 'sum', 'lambda_ss': 0.5, 'mismatch_nb': [1, 2], 'seq_length_mm': [13, 12, 11, 10, 9, 8, 7], 'seq_length_sp': 3, 'seq_length_ss': [11, 10, 9, 8, 7, 6]}",0.685,0.6675,0.6325,0.64,0.595,0.6439999999999999,0.030927334188384253,15
117,3.1075015544891356,0.24873818150473723,0.5067594051361084,0.08254161832487951,19.0,0,sum,0.5,"[1, 2]","[13, 12, 11, 10, 9, 8, 7]",3,"[11, 10, 9, 8, 7, 6]","{'C': 19.0, 'data_index': 0, 'kernel_name': 'sum', 'lambda_ss': 0.5, 'mismatch_nb': [1, 2], 'seq_length_mm': [13, 12, 11, 10, 9, 8, 7], 'seq_length_sp': 3, 'seq_length_ss': [11, 10, 9, 8, 7, 6]}",0.685,0.6675,0.6325,0.64,0.595,0.6439999999999999,0.030927334188384253,15
118,3.4863658428192137,0.2503980348871849,0.5614996433258057,0.08740270724202566,20.0,0,sum,0.5,"[1, 2]","[13, 12, 11, 10, 9, 8, 7]",3,"[11, 10, 9, 8, 7, 6]","{'C': 20.0, 'data_index': 0, 'kernel_name': 'sum', 'lambda_ss': 0.5, 'mismatch_nb': [1, 2], 'seq_length_mm': [13, 12, 11, 10, 9, 8, 7], 'seq_length_sp': 3, 'seq_length_ss': [11, 10, 9, 8, 7, 6]}",0.685,0.6675,0.6325,0.64,0.595,0.6439999999999999,0.030927334188384253,15
119,3.2657073497772218,0.19810873054609987,0.5441458225250244,0.039825748309037644,21.0,0,sum,0.5,"[1, 2]","[13, 12, 11, 10, 9, 8, 7]",3,"[11, 10, 9, 8, 7, 6]","{'C': 21.0, 'data_index': 0, 'kernel_name': 'sum', 'lambda_ss': 0.5, 'mismatch_nb': [1, 2], 'seq_length_mm': [13, 12, 11, 10, 9, 8, 7], 'seq_length_sp': 3, 'seq_length_ss': [11, 10, 9, 8, 7, 6]}",0.685,0.6675,0.6325,0.64,0.595,0.6439999999999999,0.030927334188384253,15
120,3.388551139831543,0.1390657402590579,0.5273858547210694,0.12283824557777615,22.0,0,sum,0.5,"[1, 2]","[13, 12, 11, 10, 9, 8, 7]",3,"[11, 10, 9, 8, 7, 6]","{'C': 22.0, 'data_index': 0, 'kernel_name': 'sum', 'lambda_ss': 0.5, 'mismatch_nb': [1, 2], 'seq_length_mm': [13, 12, 11, 10, 9, 8, 7], 'seq_length_sp': 3, 'seq_length_ss': [11, 10, 9, 8, 7, 6]}",0.685,0.6675,0.6325,0.64,0.595,0.6439999999999999,0.030927334188384253,15
121,3.415637969970703,0.18560868370516592,0.4745769023895264,0.0287272791380793,23.0,0,sum,0.5,"[1, 2]","[13, 12, 11, 10, 9, 8, 7]",3,"[11, 10, 9, 8, 7, 6]","{'C': 23.0, 'data_index': 0, 'kernel_name': 'sum', 'lambda_ss': 0.5, 'mismatch_nb': [1, 2], 'seq_length_mm': [13, 12, 11, 10, 9, 8, 7], 'seq_length_sp': 3, 'seq_length_ss': [11, 10, 9, 8, 7, 6]}",0.685,0.6675,0.6325,0.64,0.595,0.6439999999999999,0.030927334188384253,15
122,3.431889867782593,0.39988364477746957,0.5080914974212647,0.05253004551055013,24.0,0,sum,0.5,"[1, 2]","[13, 12, 11, 10, 9, 8, 7]",3,"[11, 10, 9, 8, 7, 6]","{'C': 24.0, 'data_index': 0, 'kernel_name': 'sum', 'lambda_ss': 0.5, 'mismatch_nb': [1, 2], 'seq_length_mm': [13, 12, 11, 10, 9, 8, 7], 'seq_length_sp': 3, 'seq_length_ss': [11, 10, 9, 8, 7, 6]}",0.685,0.6675,0.6325,0.64,0.595,0.6439999999999999,0.030927334188384253,15
123,3.379441833496094,0.22153139127397362,0.500866174697876,0.08515673364760303,25.0,0,sum,0.5,"[1, 2]","[13, 12, 11, 10, 9, 8, 7]",3,"[11, 10, 9, 8, 7, 6]","{'C': 25.0, 'data_index': 0, 'kernel_name': 'sum', 'lambda_ss': 0.5, 'mismatch_nb': [1, 2], 'seq_length_mm': [13, 12, 11, 10, 9, 8, 7], 'seq_length_sp': 3, 'seq_length_ss': [11, 10, 9, 8, 7, 6]}",0.685,0.6675,0.6325,0.64,0.595,0.6439999999999999,0.030927334188384253,15
124,3.5401211261749266,0.17865710914674252,0.5356889247894288,0.05588894186753358,26.0,0,sum,0.5,"[1, 2]","[13, 12, 11, 10, 9, 8, 7]",3,"[11, 10, 9, 8, 7, 6]","{'C': 26.0, 'data_index': 0, 'kernel_name': 'sum', 'lambda_ss': 0.5, 'mismatch_nb': [1, 2], 'seq_length_mm': [13, 12, 11, 10, 9, 8, 7], 'seq_length_sp': 3, 'seq_length_ss': [11, 10, 9, 8, 7, 6]}",0.685,0.6675,0.6325,0.64,0.595,0.6439999999999999,0.030927334188384253,15
125,3.585659980773926,0.2704203094593283,0.5040616989135742,0.12569913804348898,27.0,0,sum,0.5,"[1, 2]","[13, 12, 11, 10, 9, 8, 7]",3,"[11, 10, 9, 8, 7, 6]","{'C': 27.0, 'data_index': 0, 'kernel_name': 'sum', 'lambda_ss': 0.5, 'mismatch_nb': [1, 2], 'seq_length_mm': [13, 12, 11, 10, 9, 8, 7], 'seq_length_sp': 3, 'seq_length_ss': [11, 10, 9, 8, 7, 6]}",0.685,0.6675,0.6325,0.64,0.595,0.6439999999999999,0.030927334188384253,15
126,3.4046367168426515,0.22542968874209843,0.5172815322875977,0.06656233840809127,28.0,0,sum,0.5,"[1, 2]","[13, 12, 11, 10, 9, 8, 7]",3,"[11, 10, 9, 8, 7, 6]","{'C': 28.0, 'data_index': 0, 'kernel_name': 'sum', 'lambda_ss': 0.5, 'mismatch_nb': [1, 2], 'seq_length_mm': [13, 12, 11, 10, 9, 8, 7], 'seq_length_sp': 3, 'seq_length_ss': [11, 10, 9, 8, 7, 6]}",0.685,0.6675,0.6325,0.64,0.595,0.6439999999999999,0.030927334188384253,15
127,3.447334909439087,0.34804335756285837,0.4960765838623047,0.016915487711330793,29.0,0,sum,0.5,"[1, 2]","[13, 12, 11, 10, 9, 8, 7]",3,"[11, 10, 9, 8, 7, 6]","{'C': 29.0, 'data_index': 0, 'kernel_name': 'sum', 'lambda_ss': 0.5, 'mismatch_nb': [1, 2], 'seq_length_mm': [13, 12, 11, 10, 9, 8, 7], 'seq_length_sp': 3, 'seq_length_ss': [11, 10, 9, 8, 7, 6]}",0.685,0.6675,0.6325,0.64,0.595,0.6439999999999999,0.030927334188384253,15
128,3.475857734680176,0.29675788911556994,0.4806089401245117,0.03797924803268172,30.0,0,sum,0.5,"[1, 2]","[13, 12, 11, 10, 9, 8, 7]",3,"[11, 10, 9, 8, 7, 6]","{'C': 30.0, 'data_index': 0, 'kernel_name': 'sum', 'lambda_ss': 0.5, 'mismatch_nb': [1, 2], 'seq_length_mm': [13, 12, 11, 10, 9, 8, 7], 'seq_length_sp': 3, 'seq_length_ss': [11, 10, 9, 8, 7, 6]}",0.685,0.6675,0.6325,0.64,0.595,0.6439999999999999,0.030927334188384253,15
129,3.397048759460449,0.35126552667285543,0.5482665061950683,0.09337552415101709,31.0,0,sum,0.5,"[1, 2]","[13, 12, 11, 10, 9, 8, 7]",3,"[11, 10, 9, 8, 7, 6]","{'C': 31.0, 'data_index': 0, 'kernel_name': 'sum', 'lambda_ss': 0.5, 'mismatch_nb': [1, 2], 'seq_length_mm': [13, 12, 11, 10, 9, 8, 7], 'seq_length_sp': 3, 'seq_length_ss': [11, 10, 9, 8, 7, 6]}",0.685,0.6675,0.6325,0.64,0.595,0.6439999999999999,0.030927334188384253,15
130,3.4370492458343507,0.20104306577918707,0.5246165275573731,0.04617501914035575,32.0,0,sum,0.5,"[1, 2]","[13, 12, 11, 10, 9, 8, 7]",3,"[11, 10, 9, 8, 7, 6]","{'C': 32.0, 'data_index': 0, 'kernel_name': 'sum', 'lambda_ss': 0.5, 'mismatch_nb': [1, 2], 'seq_length_mm': [13, 12, 11, 10, 9, 8, 7], 'seq_length_sp': 3, 'seq_length_ss': [11, 10, 9, 8, 7, 6]}",0.685,0.6675,0.6325,0.64,0.595,0.6439999999999999,0.030927334188384253,15
131,3.47847843170166,0.15278339847055902,0.47582292556762695,0.042808618285028265,33.0,0,sum,0.5,"[1, 2]","[13, 12, 11, 10, 9, 8, 7]",3,"[11, 10, 9, 8, 7, 6]","{'C': 33.0, 'data_index': 0, 'kernel_name': 'sum', 'lambda_ss': 0.5, 'mismatch_nb': [1, 2], 'seq_length_mm': [13, 12, 11, 10, 9, 8, 7], 'seq_length_sp': 3, 'seq_length_ss': [11, 10, 9, 8, 7, 6]}",0.685,0.6675,0.6325,0.64,0.595,0.6439999999999999,0.030927334188384253,15
132,3.373318672180176,0.1944152508624262,0.5229626655578613,0.10680578713815309,34.0,0,sum,0.5,"[1, 2]","[13, 12, 11, 10, 9, 8, 7]",3,"[11, 10, 9, 8, 7, 6]","{'C': 34.0, 'data_index': 0, 'kernel_name': 'sum', 'lambda_ss': 0.5, 'mismatch_nb': [1, 2], 'seq_length_mm': [13, 12, 11, 10, 9, 8, 7], 'seq_length_sp': 3, 'seq_length_ss': [11, 10, 9, 8, 7, 6]}",0.685,0.6675,0.6325,0.64,0.595,0.6439999999999999,0.030927334188384253,15
133,3.087305116653442,0.116686573280974,0.47103300094604494,0.04608539752295978,35.0,0,sum,0.5,"[1, 2]","[13, 12, 11, 10, 9, 8, 7]",3,"[11, 10, 9, 8, 7, 6]","{'C': 35.0, 'data_index': 0, 'kernel_name': 'sum', 'lambda_ss': 0.5, 'mismatch_nb': [1, 2], 'seq_length_mm': [13, 12, 11, 10, 9, 8, 7], 'seq_length_sp': 3, 'seq_length_ss': [11, 10, 9, 8, 7, 6]}",0.685,0.6675,0.6325,0.64,0.595,0.6439999999999999,0.030927334188384253,15
134,3.39562668800354,0.18532703852706142,0.46668190956115724,0.05166495054634922,36.0,0,sum,0.5,"[1, 2]","[13, 12, 11, 10, 9, 8, 7]",3,"[11, 10, 9, 8, 7, 6]","{'C': 36.0, 'data_index': 0, 'kernel_name': 'sum', 'lambda_ss': 0.5, 'mismatch_nb': [1, 2], 'seq_length_mm': [13, 12, 11, 10, 9, 8, 7], 'seq_length_sp': 3, 'seq_length_ss': [11, 10, 9, 8, 7, 6]}",0.685,0.6675,0.6325,0.64,0.595,0.6439999999999999,0.030927334188384253,15
135,3.6126295566558837,0.2301310366121192,0.5165866374969482,0.06987551033777002,37.0,0,sum,0.5,"[1, 2]","[13, 12, 11, 10, 9, 8, 7]",3,"[11, 10, 9, 8, 7, 6]","{'C': 37.0, 'data_index': 0, 'kernel_name': 'sum', 'lambda_ss': 0.5, 'mismatch_nb': [1, 2], 'seq_length_mm': [13, 12, 11, 10, 9, 8, 7], 'seq_length_sp': 3, 'seq_length_ss': [11, 10, 9, 8, 7, 6]}",0.685,0.6675,0.6325,0.64,0.595,0.6439999999999999,0.030927334188384253,15
136,3.518582344055176,0.23632512703456704,0.5339227199554444,0.059826489296566025,38.0,0,sum,0.5,"[1, 2]","[13, 12, 11, 10, 9, 8, 7]",3,"[11, 10, 9, 8, 7, 6]","{'C': 38.0, 'data_index': 0, 'kernel_name': 'sum', 'lambda_ss': 0.5, 'mismatch_nb': [1, 2], 'seq_length_mm': [13, 12, 11, 10, 9, 8, 7], 'seq_length_sp': 3, 'seq_length_ss': [11, 10, 9, 8, 7, 6]}",0.685,0.6675,0.6325,0.64,0.595,0.6439999999999999,0.030927334188384253,15
137,3.422684907913208,0.15229358686492353,0.49701719284057616,0.06420539278439175,39.0,0,sum,0.5,"[1, 2]","[13, 12, 11, 10, 9, 8, 7]",3,"[11, 10, 9, 8, 7, 6]","{'C': 39.0, 'data_index': 0, 'kernel_name': 'sum', 'lambda_ss': 0.5, 'mismatch_nb': [1, 2], 'seq_length_mm': [13, 12, 11, 10, 9, 8, 7], 'seq_length_sp': 3, 'seq_length_ss': [11, 10, 9, 8, 7, 6]}",0.685,0.6675,0.6325,0.64,0.595,0.6439999999999999,0.030927334188384253,15
138,3.3250072479248045,0.09552451196722177,0.5223352432250976,0.09542522110298549,40.0,0,sum,0.5,"[1, 2]","[13, 12, 11, 10, 9, 8, 7]",3,"[11, 10, 9, 8, 7, 6]","{'C': 40.0, 'data_index': 0, 'kernel_name': 'sum', 'lambda_ss': 0.5, 'mismatch_nb': [1, 2], 'seq_length_mm': [13, 12, 11, 10, 9, 8, 7], 'seq_length_sp': 3, 'seq_length_ss': [11, 10, 9, 8, 7, 6]}",0.685,0.6675,0.6325,0.64,0.595,0.6439999999999999,0.030927334188384253,15
139,3.4557334423065185,0.13505182535891333,0.49382472038269043,0.04588236701094612,41.0,0,sum,0.5,"[1, 2]","[13, 12, 11, 10, 9, 8, 7]",3,"[11, 10, 9, 8, 7, 6]","{'C': 41.0, 'data_index': 0, 'kernel_name': 'sum', 'lambda_ss': 0.5, 'mismatch_nb': [1, 2], 'seq_length_mm': [13, 12, 11, 10, 9, 8, 7], 'seq_length_sp': 3, 'seq_length_ss': [11, 10, 9, 8, 7, 6]}",0.685,0.6675,0.6325,0.64,0.595,0.6439999999999999,0.030927334188384253,15
140,3.5820892810821534,0.2642626836516249,0.4682122230529785,0.01833197015180374,42.0,0,sum,0.5,"[1, 2]","[13, 12, 11, 10, 9, 8, 7]",3,"[11, 10, 9, 8, 7, 6]","{'C': 42.0, 'data_index': 0, 'kernel_name': 'sum', 'lambda_ss': 0.5, 'mismatch_nb': [1, 2], 'seq_length_mm': [13, 12, 11, 10, 9, 8, 7], 'seq_length_sp': 3, 'seq_length_ss': [11, 10, 9, 8, 7, 6]}",0.685,0.6675,0.6325,0.64,0.595,0.6439999999999999,0.030927334188384253,15
141,3.7970457553863524,0.21213765746236413,0.5303046226501464,0.041404216338026587,43.0,0,sum,0.5,"[1, 2]","[13, 12, 11, 10, 9, 8, 7]",3,"[11, 10, 9, 8, 7, 6]","{'C': 43.0, 'data_index': 0, 'kernel_name': 'sum', 'lambda_ss': 0.5, 'mismatch_nb': [1, 2], 'seq_length_mm': [13, 12, 11, 10, 9, 8, 7], 'seq_length_sp': 3, 'seq_length_ss': [11, 10, 9, 8, 7, 6]}",0.685,0.6675,0.6325,0.64,0.595,0.6439999999999999,0.030927334188384253,15
142,3.46625657081604,0.1564418921634366,0.4784663200378418,0.032951605710061935,44.0,0,sum,0.5,"[1, 2]","[13, 12, 11, 10, 9, 8, 7]",3,"[11, 10, 9, 8, 7, 6]","{'C': 44.0, 'data_index': 0, 'kernel_name': 'sum', 'lambda_ss': 0.5, 'mismatch_nb': [1, 2], 'seq_length_mm': [13, 12, 11, 10, 9, 8, 7], 'seq_length_sp': 3, 'seq_length_ss': [11, 10, 9, 8, 7, 6]}",0.685,0.6675,0.6325,0.64,0.595,0.6439999999999999,0.030927334188384253,15
143,3.4244283199310304,0.2587119627583805,0.523420000076294,0.09239891745862859,45.0,0,sum,0.5,"[1, 2]","[13, 12, 11, 10, 9, 8, 7]",3,"[11, 10, 9, 8, 7, 6]","{'C': 45.0, 'data_index': 0, 'kernel_name': 'sum', 'lambda_ss': 0.5, 'mismatch_nb': [1, 2], 'seq_length_mm': [13, 12, 11, 10, 9, 8, 7], 'seq_length_sp': 3, 'seq_length_ss': [11, 10, 9, 8, 7, 6]}",0.685,0.6675,0.6325,0.64,0.595,0.6439999999999999,0.030927334188384253,15
144,3.4744170665740968,0.12100126604625563,0.5185867309570312,0.08512046092346709,46.0,0,sum,0.5,"[1, 2]","[13, 12, 11, 10, 9, 8, 7]",3,"[11, 10, 9, 8, 7, 6]","{'C': 46.0, 'data_index': 0, 'kernel_name': 'sum', 'lambda_ss': 0.5, 'mismatch_nb': [1, 2], 'seq_length_mm': [13, 12, 11, 10, 9, 8, 7], 'seq_length_sp': 3, 'seq_length_ss': [11, 10, 9, 8, 7, 6]}",0.685,0.6675,0.6325,0.64,0.595,0.6439999999999999,0.030927334188384253,15
145,3.449672746658325,0.34404552238323216,0.5012049198150634,0.04990197184950287,47.0,0,sum,0.5,"[1, 2]","[13, 12, 11, 10, 9, 8, 7]",3,"[11, 10, 9, 8, 7, 6]","{'C': 47.0, 'data_index': 0, 'kernel_name': 'sum', 'lambda_ss': 0.5, 'mismatch_nb': [1, 2], 'seq_length_mm': [13, 12, 11, 10, 9, 8, 7], 'seq_length_sp': 3, 'seq_length_ss': [11, 10, 9, 8, 7, 6]}",0.685,0.6675,0.6325,0.64,0.595,0.6439999999999999,0.030927334188384253,15
146,3.5134114265441894,0.15642073378671933,0.5215315341949462,0.0522125476654516,48.0,0,sum,0.5,"[1, 2]","[13, 12, 11, 10, 9, 8, 7]",3,"[11, 10, 9, 8, 7, 6]","{'C': 48.0, 'data_index': 0, 'kernel_name': 'sum', 'lambda_ss': 0.5, 'mismatch_nb': [1, 2], 'seq_length_mm': [13, 12, 11, 10, 9, 8, 7], 'seq_length_sp': 3, 'seq_length_ss': [11, 10, 9, 8, 7, 6]}",0.685,0.6675,0.6325,0.64,0.595,0.6439999999999999,0.030927334188384253,15
147,3.745993185043335,0.19975341272608738,0.5222164630889893,0.04616502614392439,49.0,0,sum,0.5,"[1, 2]","[13, 12, 11, 10, 9, 8, 7]",3,"[11, 10, 9, 8, 7, 6]","{'C': 49.0, 'data_index': 0, 'kernel_name': 'sum', 'lambda_ss': 0.5, 'mismatch_nb': [1, 2], 'seq_length_mm': [13, 12, 11, 10, 9, 8, 7], 'seq_length_sp': 3, 'seq_length_ss': [11, 10, 9, 8, 7, 6]}",0.685,0.6675,0.6325,0.64,0.595,0.6439999999999999,0.030927334188384253,15
148,3.526481819152832,0.3275890213819807,0.5719564437866211,0.10434947461092654,50.0,0,sum,0.5,"[1, 2]","[13, 12, 11, 10, 9, 8, 7]",3,"[11, 10, 9, 8, 7, 6]","{'C': 50.0, 'data_index': 0, 'kernel_name': 'sum', 'lambda_ss': 0.5, 'mismatch_nb': [1, 2], 'seq_length_mm': [13, 12, 11, 10, 9, 8, 7], 'seq_length_sp': 3, 'seq_length_ss': [11, 10, 9, 8, 7, 6]}",0.685,0.6675,0.6325,0.64,0.595,0.6439999999999999,0.030927334188384253,15
